{"cameraMode":{"drawMode":0,"name":"Shaded","section":"Shading Mode"},"sceneLighting":true,"audioPlay":false,"sceneViewState":{"m_AlwaysRefresh":false,"showFog":true,"showSkybox":true,"showFlares":true,"showImageEffects":true,"showParticleSystems":true,"showVisualEffectGraphs":true,"m_FxEnabled":true},"in2DMode":false,"pivot":{"x":-2.7671167850494386,"y":0.21337229013442994,"z":-0.3953859210014343},"rotation":{"x":-0.0029052828904241325,"y":0.7963804006576538,"z":-0.003831498557701707,"w":-0.6048000454902649},"size":1.7660253047943116,"orthographic":false}